기간,품목명,국가명,수출중량(톤),수출금액(천불),수입중량(톤),수입금액(천불)
2021,동,남아프리카공화국,,,,
2021,동,네덜란드,0,0,0,0
2021,동,독일,,,,
2021,동,러시아연방,0,0,0,12
2021,동,멕시코,0,0,10185,23815
2021,동,몬테네그로,0,0,22656,29452
2021,동,미국,0,0,25219,50841
2021,동,베트남,,,,
2021,동,브라질,0,0,43321,125083
2021,동,사우디아라비아,,,,
2021,동,스웨덴,0,0,0,0
2021,동,UAE,0,0,37527,63214
2021,동,아르메니아,0,0,7664,8748
2021,동,우즈베키스탄,0,0,0,0
2021,동,인도,,,,
2021,동,인도네시아,246,17,301262,793883
2021,동,일본,6434,12489,0,0
2021,동,조지아,0,0,24,38
2021,동,중국,553578,1172999,2,92
2021,동,칠레,0,0,382806,931692
2021,동,카타르,0,0,25079,47129
2021,동,캄보디아,391,157,0,0
2021,동,캐나다,0,0,214808,775225
2021,동,케냐,,,,
2021,동,콩고,0,0,323,394
2021,동,크로아티아,0,0,5593,10626
2021,동,탄자니아,,,,
2021,동,태국,15,57,0,0
2021,동,튀르키예,0,0,0,1
2021,동,파나마,0,0,142977,365082
2021,동,파키스탄,,,,
2021,동,파푸아뉴기니,0,0,29379,105195
2021,동,페루,0,0,451931,1288783
2021,동,폴란드,,,,
2021,동,프랑스,0,0,0,0
2021,동,핀란드,0,0,0,0
2021,동,필리핀,0,0,19979,69419
2021,동,호주,0,0,377214,1328508
2022,동,남아프리카공화국,0,0,16392,55508
2022,동,네덜란드,,,,
2022,동,독일,0,0,0,0
2022,동,러시아연방,,,,
2022,동,멕시코,0,0,36093,73136
2022,동,몬테네그로,0,0,192725,307154
2022,동,미국,0,0,138,334
2022,동,베트남,8,7,0,0
2022,동,브라질,,,,
2022,동,사우디아라비아,0,0,479,1726
2022,동,스웨덴,,,,
2022,동,UAE,0,0,89510,143457
2022,동,아르메니아,,,,
2022,동,우즈베키스탄,,,,
2022,동,인도,0,0,0,0
2022,동,인도네시아,893,83,461761,1477440
2022,동,일본,,,,
2022,동,조지아,,,,
2022,동,중국,741946,1582263,2,56
2022,동,칠레,0,0,476470,1121896
2022,동,카타르,,,,
2022,동,캄보디아,311,3,0,0
2022,동,캐나다,0,0,179966,680016
2022,동,케냐,0,0,0,0
2022,동,콩고,,,,
2022,동,크로아티아,0,0,60068,96991
2022,동,탄자니아,0,0,9087,31575
2022,동,태국,1953,50,0,0
2022,동,튀르키예,0,0,1186,1434
2022,동,파나마,0,0,108797,256233
2022,동,파키스탄,0,0,0,1
2022,동,파푸아뉴기니,0,0,29259,101073
2022,동,페루,0,0,237079,638489
2022,동,폴란드,0,0,597,502
2022,동,프랑스,,,,
2022,동,핀란드,,,,
2022,동,필리핀,0,0,79533,295806
2022,동,호주,0,0,379675,1295501
2021,연,그리스,0,0,6454,15571
2021,연,나이지리아,0,0,0,0
2021,연,남아프리카공화국,0,0,7573,13076
2021,연,네덜란드,0,0,2379,11781
2021,연,러시아연방,0,0,19879,38650
2021,연,멕시코,0,0,92773,886119
2021,연,모로코,0,0,10103,13264
2021,연,몬테네그로,0,0,7450,17431
2021,연,미국,0,0,77532,200076
2021,연,베트남,,,0,0
2021,연,보스니아헤르체고비나,0,0,,
2021,연,볼리비아,0,0,73608,268181
2021,연,불가리아,0,0,,
2021,연,세르비아,0,0,13662,38096
2021,연,스웨덴,0,0,,
2021,연,스위스,0,0,0,1
2021,연,스페인,0,0,6507,6658
2021,연,싱가포르,,,43,156
2021,연,온두라스,0,0,14830,34816
2021,연,인도네시아,41,20,,
2021,연,일본,,,0,0
2021,연,중국,,,0,0
2021,연,칠레,,,483,1276
2021,연,태국,41,26,0,0
2021,연,튀르키예,0,0,5113,11507
2021,연,페루,0,0,165234,444190
2021,연,호주,0,0,138792,365783
2022,연,그리스,0,0,1827,3706
2022,연,나이지리아,0,0,246,269
2022,연,남아프리카공화국,0,0,14115,24923
2022,연,네덜란드,0,0,17232,48113
2022,연,러시아연방,0,0,28951,47169
2022,연,멕시코,0,0,83141,757826
2022,연,모로코,0,0,13996,20541
2022,연,몬테네그로,0,0,5613,11118
2022,연,미국,0,0,89255,166750
2022,연,베트남,,,,
2022,연,보스니아헤르체고비나,0,0,6278,13128
2022,연,볼리비아,0,0,65800,223168
2022,연,불가리아,0,0,9091,15045
2022,연,세르비아,0,0,12207,28827
2022,연,스웨덴,0,0,7260,14293
2022,연,스위스,0,0,0,1
2022,연,스페인,0,0,5564,5543
2022,연,싱가포르,,,,
2022,연,온두라스,0,0,14386,29430
2022,연,인도네시아,41,20,0,0
2022,연,일본,,,,
2022,연,중국,,,,
2022,연,칠레,,,,
2022,연,태국,41,26,0,0
2022,연,튀르키예,0,0,8429,17554
2022,연,페루,0,0,101062,255894
2022,연,호주,0,0,78904,191203
2021,아연,남아프리카공화국,0,0,56913,53314
2021,아연,네덜란드,0,0,0,0
2021,아연,대만,,,,
2021,아연,라오스,,,,
2021,아연,러시아연방,0,0,13508,16407
2021,아연,마케도니아,0,0,896,914
2021,아연,말레이시아,0,0,0,0
2021,아연,멕시코,0,0,229823,332112
2021,아연,모로코,0,0,1408,1545
2021,아연,몬테네그로,,,,
2021,아연,미국,0,0,164582,204776
2021,아연,방글라데시,0,0,198,163
2021,아연,베트남,0,0,1729,1712
2021,아연,벨기에,,,,
2021,아연,볼리비아,0,0,121552,161997
2021,아연,브라질,,,,
2021,아연,사우디아라비아,0,0,10936,13432
2021,아연,세르비아,0,0,4820,6243
2021,아연,스페인,0,0,9406,10283
2021,아연,UAE,0,0,0,0
2021,아연,아르헨티나,0,0,9753,13889
2021,아연,알바니아,0,0,38490,9556
2021,아연,에리트리아,0,0,91844,101837
2021,아연,영국,0,0,0,0
2021,아연,온두라스,,,,
2021,아연,인도,,,,
2021,아연,인도네시아,0,0,2799,3645
2021,아연,일본,3810,5515,0,0
2021,아연,중국,60,18,0,0
2021,아연,칠레,0,0,25895,25228
2021,아연,캐나다,0,0,45621,58689
2021,아연,태국,,,,
2021,아연,튀르키예,0,0,7408,8281
2021,아연,파키스탄,0,0,1399,1419
2021,아연,페루,0,0,375409,423114
2021,아연,프랑스,0,0,0,0
2021,아연,필리핀,,,,
2021,아연,호주,19934,29146,605372,596329
2022,아연,남아프리카공화국,0,0,4095,5340
2022,아연,네덜란드,,,,
2022,아연,대만,0,0,0,0
2022,아연,라오스,0,0,671,763
2022,아연,러시아연방,0,0,14574,22505
2022,아연,마케도니아,,,,
2022,아연,말레이시아,0,0,39,25
2022,아연,멕시코,0,0,257595,434390
2022,아연,모로코,0,0,362,614
2022,아연,몬테네그로,0,0,1199,1990
2022,아연,미국,0,0,255875,341709
2022,아연,방글라데시,0,0,267,342
2022,아연,베트남,0,0,2197,3451
2022,아연,벨기에,0,0,0,0
2022,아연,볼리비아,0,0,245998,385585
2022,아연,브라질,0,0,3780,4859
2022,아연,사우디아라비아,0,0,9481,11146
2022,아연,세르비아,0,0,4326,6425
2022,아연,스페인,0,0,6035,6633
2022,아연,UAE,,,,
2022,아연,아르헨티나,0,0,7310,11928
2022,아연,알바니아,0,0,11202,3829
2022,아연,에리트리아,0,0,56953,84824
2022,아연,영국,,,,
2022,아연,온두라스,0,0,19498,23481
2022,아연,인도,0,0,22530,3023
2022,아연,인도네시아,0,0,2572,4587
2022,아연,일본,2200,4389,0,0
2022,아연,중국,1350,1840,0,0
2022,아연,칠레,,,,
2022,아연,캐나다,0,0,54686,87643
2022,아연,태국,0,0,1238,1508
2022,아연,튀르키예,0,0,6541,9110
2022,아연,파키스탄,0,0,1850,2390
2022,아연,페루,0,0,220568,316915
2022,아연,프랑스,0,0,0,0
2022,아연,필리핀,0,0,0,0
2022,아연,호주,15848,31277,478134,581253
2021,철,남아프리카공화국,0,0,4506163,918746
2021,철,네덜란드,0,0,90,40
2021,철,독일,0,0,0,1
2021,철,러시아연방,,,,
2021,철,모리타니,0,0,0,1
2021,철,미국,0,0,0,3
2021,철,바레인,0,0,336321,84519
2021,철,베트남,1,0,0,0
2021,철,볼리비아,0,0,0,0
2021,철,브라질,0,0,8455746,1547005
2021,철,스웨덴,0,0,6,5
2021,철,스페인,,,,
2021,철,싱가포르,,,,
2021,철,영국,0,0,0,0
2021,철,오만,,,,
2021,철,우루과이,0,0,0,8
2021,철,우크라이나,0,0,55189,12414
2021,철,이탈리아,0,3,0,0
2021,철,인도,0,0,903139,187526
2021,철,인도네시아,6,3,0,0
2021,철,일본,0,0,0,1
2021,철,중국,302511,17432,32704,9908
2021,철,칠레,0,0,599128,118742
2021,철,캐나다,0,0,3912920,678680
2021,철,태국,,,,
2021,철,프랑스,0,0,0,0
2021,철,필리핀,0,0,13,1
2021,철,호주,0,0,55285371,8517308
2022,철,남아프리카공화국,0,0,4574715,743878
2022,철,네덜란드,0,0,120,50
2022,철,독일,0,0,0,0
2022,철,러시아연방,0,0,77899,16742
2022,철,모리타니,0,0,0,2
2022,철,미국,0,0,0,0
2022,철,바레인,0,0,507538,118515
2022,철,베트남,,,,
2022,철,볼리비아,,,,
2022,철,브라질,0,0,8908151,1486113
2022,철,스웨덴,,,,
2022,철,스페인,0,0,0,0
2022,철,싱가포르,0,0,19,3
2022,철,영국,0,0,0,0
2022,철,오만,0,0,0,0
2022,철,우루과이,0,0,0,8
2022,철,우크라이나,0,0,0,0
2022,철,이탈리아,,,,
2022,철,인도,0,0,69041,14710
2022,철,인도네시아,,,,
2022,철,일본,,,,
2022,철,중국,275074,14312,69293,12071
2022,철,칠레,0,0,1372525,312927
2022,철,캐나다,0,0,4672374,702156
2022,철,태국,0,0,0,1
2022,철,프랑스,0,0,1,8
2022,철,필리핀,0,0,0,0
2022,철,호주,0,0,46170991,5513266
2021,알루미늄,네덜란드,0,0,48,42
2021,알루미늄,미국,0,0,0,0
2021,알루미늄,브라질,0,0,0,0
2021,알루미늄,싱가포르,0,0,0,0
2021,알루미늄,인도,0,0,2334,279
2021,알루미늄,인도네시아,116,14,0,0
2021,알루미늄,일본,0,0,0,0
2021,알루미늄,중국,40,31,25910,9858
2021,알루미늄,파키스탄,,,,
2021,알루미늄,프랑스,0,0,0,0
2021,알루미늄,호주,0,0,396248,22947
2021,알루미늄,홍콩,,,,
2022,알루미늄,네덜란드,0,0,0,0
2022,알루미늄,미국,0,0,0,0
2022,알루미늄,브라질,,,,
2022,알루미늄,싱가포르,,,,
2022,알루미늄,인도,0,0,220,31
2022,알루미늄,인도네시아,478,46,0,0
2022,알루미늄,일본,,,,
2022,알루미늄,중국,0,0,21591,9108
2022,알루미늄,파키스탄,0,0,0,0
2022,알루미늄,프랑스,,,,
2022,알루미늄,호주,0,0,395951,24011
2022,알루미늄,홍콩,0,0,0,0
2021,텅스텐,네덜란드,,,,
2021,텅스텐,르완다,,,,
2021,텅스텐,미국,0,0,0,0
2021,텅스텐,베트남,7,83,0,0
2021,텅스텐,싱가포르,0,0,0,3
2021,텅스텐,일본,0,1,0,0
2021,텅스텐,중국,0,0,1,57
2021,텅스텐,포루투갈,1,0,0,1
2022,텅스텐,네덜란드,0,0,0,1
2022,텅스텐,르완다,0,0,0,0
2022,텅스텐,미국,0,0,0,0
2022,텅스텐,베트남,1225,3558,0,0
2022,텅스텐,싱가포르,,,,
2022,텅스텐,일본,0,0,39,557
2022,텅스텐,중국,0,0,1,49
2022,텅스텐,포루투갈,16,1,0,0
2021,몰리브덴,네덜란드,140,3197,0,2
2021,몰리브덴,대만,476,8808,37,514
2021,몰리브덴,독일,0,0,0,5
2021,몰리브덴,말레이시아,,,,
2021,몰리브덴,멕시코,0,0,9365,164292
2021,몰리브덴,몽골,0,0,661,9428
2021,몰리브덴,미국,0,0,2211,38585
2021,몰리브덴,베트남,5037,7055,1613,30675
2021,몰리브덴,벨기에,0,0,920,17513
2021,몰리브덴,UAE,,,,
2021,몰리브덴,아르메니아,0,0,1074,16828
2021,몰리브덴,아르헨티나,0,0,653,9613
2021,몰리브덴,이란,0,0,42,626
2021,몰리브덴,인도,40,512,0,0
2021,몰리브덴,일본,2989,65850,83,582
2021,몰리브덴,중국,363,4544,3846,82446
2021,몰리브덴,칠레,0,0,19089,346703
2021,몰리브덴,카자흐스탄,0,0,281,3315
2021,몰리브덴,태국,332,360,240,5024
2021,몰리브덴,페루,0,0,3603,53184
2021,몰리브덴,호주,,,,
2022,몰리브덴,네덜란드,,,,
2022,몰리브덴,대만,0,0,0,0
2022,몰리브덴,독일,,,,
2022,몰리브덴,말레이시아,0,0,20,510
2022,몰리브덴,멕시코,0,0,8477,185991
2022,몰리브덴,몽골,0,0,1074,18365
2022,몰리브덴,미국,0,0,1421,32445
2022,몰리브덴,베트남,1931,7760,708,16544
2022,몰리브덴,벨기에,0,0,580,14009
2022,몰리브덴,UAE,0,0,40,893
2022,몰리브덴,아르메니아,0,0,739,12438
2022,몰리브덴,아르헨티나,0,0,59,1101
2022,몰리브덴,이란,0,0,21,422
2022,몰리브덴,인도,108,755,0,0
2022,몰리브덴,일본,1507,36941,117,1507
2022,몰리브덴,중국,98,1872,7076,162928
2022,몰리브덴,칠레,0,0,13376,307369
2022,몰리브덴,카자흐스탄,0,0,170,3231
2022,몰리브덴,태국,773,1126,283,6938
2022,몰리브덴,페루,0,0,1410,27667
2022,몰리브덴,호주,0,0,432,7599
2021,티타늄,남아프리카공화국,0,0,2000,2637
2021,티타늄,네덜란드,0,0,0,0
2021,티타늄,노르웨이,0,0,42772,10330
2021,티타늄,대만,0,0,38,77
2021,티타늄,독일,0,0,24,27
2021,티타늄,말레이시아,0,0,104,27
2021,티타늄,모잠비크,0,0,200,113
2021,티타늄,미국,0,0,0,0
2021,티타늄,베트남,0,0,42950,18963
2021,티타늄,세네갈,0,0,2580,3199
2021,티타늄,스리랑카,0,0,72,19
2021,티타늄,스페인,0,0,0,6
2021,티타늄,시에라리온,0,0,2460,3689
2021,티타늄,UAE,,,,
2021,티타늄,우크라이나,0,0,4080,7290
2021,티타늄,이집트,0,0,0,0
2021,티타늄,인도,0,0,11000,3839
2021,티타늄,중국,302062,23438,745,915
2021,티타늄,캐나다,0,0,0,0
2021,티타늄,케냐,0,0,3566,5259
2021,티타늄,태국,0,0,92,37
2021,티타늄,호주,0,0,5058,2494
2021,티타늄,홍콩,0,0,0,0
2022,티타늄,남아프리카공화국,0,0,1900,3485
2022,티타늄,네덜란드,,,,
2022,티타늄,노르웨이,0,0,25000,7713
2022,티타늄,대만,,,,
2022,티타늄,독일,,,,
2022,티타늄,말레이시아,0,0,78,27
2022,티타늄,모잠비크,,,,
2022,티타늄,미국,,,,
2022,티타늄,베트남,0,0,19540,9646
2022,티타늄,세네갈,0,0,3380,6199
2022,티타늄,스리랑카,,,,
2022,티타늄,스페인,,,,
2022,티타늄,시에라리온,0,0,2420,5031
2022,티타늄,UAE,0,0,0,0
2022,티타늄,우크라이나,0,0,4102,8790
2022,티타늄,이집트,,,,
2022,티타늄,인도,,,,
2022,티타늄,중국,260954,18900,68,134
2022,티타늄,캐나다,,,,
2022,티타늄,케냐,0,0,4864,10876
2022,티타늄,태국,0,0,20,10
2022,티타늄,호주,0,0,6462,3655
2022,티타늄,홍콩,,,,
2021,망간,가봉,0,0,101970,21580
2021,망간,남아프리카공화국,0,0,717245,147818
2021,망간,네덜란드,0,0,80,57
2021,망간,대만,0,0,588,12
2021,망간,독일,0,0,0,0
2021,망간,모로코,,,,
2021,망간,미국,0,0,380,539
2021,망간,베트남,,,,
2021,망간,볼리비아,0,0,0,0
2021,망간,이탈리아,,,,
2021,망간,인도,0,0,0,0
2021,망간,일본,0,0,0,0
2021,망간,중국,0,0,34,13
2021,망간,호주,0,0,504798,120337
2022,망간,가봉,0,0,36497,9951
2022,망간,남아프리카공화국,0,0,544192,130060
2022,망간,네덜란드,0,0,60,48
2022,망간,대만,,,,
2022,망간,독일,0,0,0,0
2022,망간,모로코,0,0,0,0
2022,망간,미국,0,0,323,468
2022,망간,베트남,93,3,0,0
2022,망간,볼리비아,,,,
2022,망간,이탈리아,0,0,0,0
2022,망간,인도,,,,
2022,망간,일본,0,0,19501,4506
2022,망간,중국,20,2,19,4
2022,망간,호주,0,0,485338,138594
2021,주석,나이지리아,0,0,1,17
2021,주석,몽골,,,,
2021,주석,미국,0,0,0,0
2021,주석,미얀마,,,,
2021,주석,베네수엘라,,,,
2021,주석,베트남,1,18,0,0
2021,주석,세네갈,0,0,0,0
2021,주석,인도,0,5,0,0
2021,주석,인도네시아,0,3,0,0
2021,주석,중국,1,53,0,0
2021,주석,콩고민주공화국,0,0,0,0
2021,주석,태국,,,,
2021,주석,프랑스,,,,
2022,주석,나이지리아,,,,
2022,주석,몽골,0,0,0,1
2022,주석,미국,0,0,0,0
2022,주석,미얀마,0,0,0,0
2022,주석,베네수엘라,0,0,0,0
2022,주석,베트남,0,0,0,0
2022,주석,세네갈,,,,
2022,주석,인도,0,3,0,0
2022,주석,인도네시아,,,,
2022,주석,중국,1,36,0,0
2022,주석,콩고민주공화국,,,,
2022,주석,태국,0,0,17,118
2022,주석,프랑스,0,0,0,0
2021,니켈,과테말라,,,,
2021,니켈,네덜란드,0,0,0,5
2021,니켈,뉴칼레도니아,0,0,3076534,330115
2021,니켈,독일,,,,
2021,니켈,러시아연방,,,,
2021,니켈,룩셈부르크,0,0,0,0
2021,니켈,미국,0,0,0,0
2021,니켈,볼리비아,,,,
2021,니켈,알바니아,,,,
2021,니켈,일본,86,42,0,0
2021,니켈,중국,0,0,0,0
2021,니켈,카자흐스탄,0,0,0,0
2021,니켈,캐나다,,,,
2021,니켈,코트디부아르,,,,
2021,니켈,탄자니아,,,,
2021,니켈,필리핀,0,0,105000,10563
2021,니켈,호주,0,0,0,0
2022,니켈,과테말라,0,0,96424,13537
2022,니켈,네덜란드,0,0,0,5
2022,니켈,뉴칼레도니아,0,0,2401819,348833
2022,니켈,독일,0,0,0,0
2022,니켈,러시아연방,0,0,0,0
2022,니켈,룩셈부르크,,,,
2022,니켈,미국,0,0,0,1
2022,니켈,볼리비아,0,0,0,0
2022,니켈,알바니아,0,0,0,0
2022,니켈,일본,46,64,0,0
2022,니켈,중국,62,143,0,0
2022,니켈,카자흐스탄,0,0,0,0
2022,니켈,캐나다,0,0,0,0
2022,니켈,코트디부아르,0,0,45100,7757
2022,니켈,탄자니아,0,0,0,0
2022,니켈,필리핀,0,0,109943,12297
2022,니켈,호주,0,0,0,0
2021,코발트,네덜란드,,,,
2021,코발트,독일,,,,
2021,코발트,미국,0,0,0,0
2021,코발트,영국,,,,
2021,코발트,이집트,,,,
2021,코발트,잠비아,0,0,0,0
2021,코발트,콩고민주공화국,,,,
2021,코발트,프랑스,0,0,0,0
2022,코발트,네덜란드,0,0,0,0
2022,코발트,독일,0,0,0,1
2022,코발트,미국,,,,
2022,코발트,영국,0,0,12,87
2022,코발트,이집트,0,0,0,0
2022,코발트,잠비아,,,,
2022,코발트,콩고민주공화국,0,0,0,0
2022,코발트,프랑스,0,0,0,7
2021,크롬,남아프리카공화국,0,0,180,99
2021,크롬,네덜란드,0,0,25,13
2021,크롬,대만,2,2,0,0
2021,크롬,독일,0,0,8,9
2021,크롬,벨기에,0,0,0,3
2021,크롬,일본,20,11,30,45
2021,크롬,중국,44,17,191,78
2021,크롬,파키스탄,0,0,1320,585
2021,크롬,필리핀,,,,
2022,크롬,남아프리카공화국,0,0,361,184
2022,크롬,네덜란드,,,,
2022,크롬,대만,,,,
2022,크롬,독일,,,,
2022,크롬,벨기에,0,0,0,4
2022,크롬,일본,0,0,29,37
2022,크롬,중국,0,0,0,0
2022,크롬,파키스탄,,,,
2022,크롬,필리핀,0,0,0,0
2021,탄탈륨,베트남,,,,
2021,탄탈륨,브라질,,,,
2021,탄탈륨,중국,0,0,0,15
2021,탄탈륨,케냐,0,0,0,0
2022,탄탈륨,베트남,0,0,0,0
2022,탄탈륨,브라질,0,0,0,0
2022,탄탈륨,중국,0,0,0,54
2022,탄탈륨,케냐,,,,
2021,니오븀,독일,,,0,0
2021,니오븀,미국,0,0,,
2021,니오븀,슬로베니아,0,0,,
2021,니오븀,중국,0,0,0,0
2022,니오븀,독일,0,0,0,1
2022,니오븀,미국,,,,
2022,니오븀,슬로베니아,,,,
2022,니오븀,중국,0,0,0,23
2021,바나듐,베트남,5742,5004,0,0
2021,바나듐,인도,253,152,0,0
2021,바나듐,캄보디아,692,642,0,0
2021,바나듐,캐나다,,,,
2021,바나듐,태국,1263,1089,0,0
2022,바나듐,베트남,2249,3187,0,0
2022,바나듐,인도,60,17,0,0
2022,바나듐,캄보디아,126,130,0,0
2022,바나듐,캐나다,0,0,108,145
2022,바나듐,태국,1031,1182,0,0
2021,토상흑연,대만,0,0,0,31
2021,토상흑연,독일,0,0,123,611
2021,토상흑연,말레이시아,,,,
2021,토상흑연,멕시코,,,,
2021,토상흑연,미국,0,0,1163,7483
2021,토상흑연,방글라데시,,,,
2021,토상흑연,베트남,1,15,0,0
2021,토상흑연,스리랑카,0,0,171,580
2021,토상흑연,스웨덴,0,0,0,0
2021,토상흑연,스페인,,,,
2021,토상흑연,싱가포르,,,,
2021,토상흑연,UAE,0,0,0,0
2021,토상흑연,영국,0,0,32,197
2021,토상흑연,오스트리아,0,0,2,12
2021,토상흑연,이탈리아,0,0,0,0
2021,토상흑연,인도,1,9,0,0
2021,토상흑연,인도네시아,7,4,0,0
2021,토상흑연,일본,0,0,121,390
2021,토상흑연,중국,309,922,39448,85453
2021,토상흑연,체코공화국,0,0,0,0
2021,토상흑연,캐나다,0,0,0,2
2021,토상흑연,태국,22,35,0,0
2021,토상흑연,튀르키예,,,,
2021,토상흑연,폴란드,0,0,0,0
2021,토상흑연,프랑스,0,0,0,0
2021,토상흑연,호주,0,0,0,0
2021,토상흑연,홍콩,0,0,0,0
2022,토상흑연,대만,0,0,0,30
2022,토상흑연,독일,0,0,89,453
2022,토상흑연,말레이시아,0,0,0,0
2022,토상흑연,멕시코,0,0,0,0
2022,토상흑연,미국,0,6,727,4888
2022,토상흑연,방글라데시,0,2,0,0
2022,토상흑연,베트남,2,55,0,0
2022,토상흑연,스리랑카,0,0,135,483
2022,토상흑연,스웨덴,0,0,0,0
2022,토상흑연,스페인,0,0,0,1
2022,토상흑연,싱가포르,0,0,0,0
2022,토상흑연,UAE,,,,
2022,토상흑연,영국,0,0,41,153
2022,토상흑연,오스트리아,0,0,1,6
2022,토상흑연,이탈리아,,,,
2022,토상흑연,인도,1,2,2,2
2022,토상흑연,인도네시아,8,12,0,0
2022,토상흑연,일본,0,0,118,363
2022,토상흑연,중국,98,722,34927,106150
2022,토상흑연,체코공화국,0,0,0,1
2022,토상흑연,캐나다,0,0,0,1
2022,토상흑연,태국,2,10,0,0
2022,토상흑연,튀르키예,0,0,0,0
2022,토상흑연,폴란드,,,,
2022,토상흑연,프랑스,,,,
2022,토상흑연,호주,0,0,0,0
2022,토상흑연,홍콩,,,,
2021,인상흑연,대만,0,113,0,0
2021,인상흑연,독일,0,0,1104,3578
2021,인상흑연,마다가스카르,0,0,18,9
2021,인상흑연,말레이시아,,,,
2021,인상흑연,모잠비크,,,,
2021,인상흑연,미국,0,0,9,54
2021,인상흑연,베트남,,,,
2021,인상흑연,브라질,0,0,101,291
2021,인상흑연,싱가포르,0,49,0,0
2021,인상흑연,영국,0,0,1,4
2021,인상흑연,오만,0,0,0,0
2021,인상흑연,오스트리아,0,0,2,8
2021,인상흑연,인도네시아,,,,
2021,인상흑연,일본,0,0,98,515
2021,인상흑연,중국,40,227,10047,11563
2021,인상흑연,캐나다,0,0,15,67
2021,인상흑연,태국,11,47,0,0
2021,인상흑연,프랑스,0,0,0,0
2021,인상흑연,핀란드,,,,
2022,인상흑연,대만,0,207,0,0
2022,인상흑연,독일,10,19,116,561
2022,인상흑연,마다가스카르,0,0,58,53
2022,인상흑연,말레이시아,0,0,0,0
2022,인상흑연,모잠비크,0,0,128,89
2022,인상흑연,미국,0,0,11,90
2022,인상흑연,베트남,0,87,0,0
2022,인상흑연,브라질,0,0,26,80
2022,인상흑연,싱가포르,0,26,0,0
2022,인상흑연,영국,0,0,2,7
2022,인상흑연,오만,,,,
2022,인상흑연,오스트리아,0,0,4,24
2022,인상흑연,인도네시아,0,1,0,0
2022,인상흑연,일본,0,0,80,348
2022,인상흑연,중국,73,415,11935,16931
2022,인상흑연,캐나다,0,0,25,123
2022,인상흑연,태국,0,0,0,0
2022,인상흑연,프랑스,0,0,0,0
2022,인상흑연,핀란드,0,0,8,11
2021,형석,남아프리카공화국,0,0,0,0
2021,형석,네덜란드,0,0,0,6
2021,형석,대 만,,,,
2021,형석,멕시코,0,0,22672,8537
2021,형석,모잠비크,0,0,0,0
2021,형석,몽 골,0,0,2702,939
2021,형석,미 국,0,0,0,3
2021,형석,베 트 남,0,0,0,0
2021,형석,스 웨 덴,0,0,13,47
2021,형석,싱가포르,0,0,0,0
2021,형석,아프가니스탄,0,0,1153,570
2021,형석,이탈리아,0,0,0,0
2021,형석,일 본,0,0,3250,1165
2021,형석,중 국,249,146,36256,16024
2021,형석,태국,0,0,0,0
2021,형석,파키스탄,0,0,13789,3510
2021,형석,피지,,,,
2022,형석,남아프리카공화국,,,,
2022,형석,네덜란드,0,0,0,1
2022,형석,대 만,0,0,0,0
2022,형석,멕시코,0,0,9975,4126
2022,형석,모잠비크,,,,
2022,형석,몽 골,0,0,2149,888
2022,형석,미 국,,,,
2022,형석,베 트 남,,,,
2022,형석,스 웨 덴,0,0,15,49
2022,형석,싱가포르,,,,
2022,형석,아프가니스탄,0,0,1101,636
2022,형석,이탈리아,,,,
2022,형석,일 본,0,0,3162,1246
2022,형석,중 국,157,142,33738,14984
2022,형석,태국,0,0,110,42
2022,형석,파키스탄,0,0,5831,1353
2022,형석,피지,2,3,0,0
2021,석회석류,과테말라,0,0,41,23
2021,석회석류,그 리 스,0,0,0,0
2021,석회석류,남아프리카공화국,,,,
2021,석회석류,네덜란드,0,0,0,0
2021,석회석류,노르웨이,0,0,1380,337
2021,석회석류,뉴질랜드,0,0,0,1
2021,석회석류,대 만,0,0,60,11
2021,석회석류,독 일,0,1,352,140
2021,석회석류,레바논,,,,
2021,석회석류,말레이시아,0,0,0,0
2021,석회석류,멕시코,0,0,0,0
2021,석회석류,모 로 코,0,0,582,130
2021,석회석류,모잠비크,,,,
2021,석회석류,몽 골,69,9,0,0
2021,석회석류,미 국,65,12,1207,466
2021,석회석류,미얀마,0,1,0,0
2021,석회석류,방글라데시,,,,
2021,석회석류,베 트 남,66,13,472123,13864
2021,석회석류,브 라 질,1,5,0,0
2021,석회석류,스 웨 덴,,,,
2021,석회석류,스위스,,,,
2021,석회석류,스 페 인,0,0,166,48
2021,석회석류,싱가포르,0,1,0,0
2021,석회석류,UAE,0,0,0,0
2021,석회석류,영 국,0,0,3,2
2021,석회석류,오 만,0,0,696,622
2021,석회석류,우즈베키스탄,210,21,0,0
2021,석회석류,이 라 크,,,,
2021,석회석류,이 란,,,,
2021,석회석류,이 집 트,0,0,0,0
2021,석회석류,이탈리아,0,0,1081,341
2021,석회석류,인 도,1,4,0,1
2021,석회석류,인도네시아,168,60,6,1
2021,석회석류,일 본,317548,7512,1752712,34592
2021,석회석류,중 국,22773,3387,45857,3822
2021,석회석류,캄보디아,0,1,0,0
2021,석회석류,캐 나 다,0,0,0,0
2021,석회석류,태 국,20,3,0,0
2021,석회석류,튀니지,,,,
2021,석회석류,튀르키예,0,0,558,152
2021,석회석류,파키스탄,0,0,26,5
2021,석회석류,포르투갈,0,0,0,0
2021,석회석류,프 랑 스,0,0,27,15
2021,석회석류,필 리 핀,27,6,154766,4066
2021,석회석류,헝가리,,,,
2021,석회석류,호 주,2,35,0,0
2021,석회석류,홍콩,7,1,0,0
2022,석회석류,과테말라,,,,
2022,석회석류,그 리 스,0,0,963,1123
2022,석회석류,남아프리카공화국,0,0,0,0
2022,석회석류,네덜란드,0,2,0,0
2022,석회석류,노르웨이,0,0,1099,253
2022,석회석류,뉴질랜드,,,,
2022,석회석류,대 만,,,,
2022,석회석류,독 일,0,4,237,107
2022,석회석류,레바논,0,0,0,0
2022,석회석류,말레이시아,0,0,0,0
2022,석회석류,멕시코,,,,
2022,석회석류,모 로 코,,,,
2022,석회석류,모잠비크,0,0,0,0
2022,석회석류,몽 골,33,4,0,0
2022,석회석류,미 국,48,32,1001,498
2022,석회석류,미얀마,,,,
2022,석회석류,방글라데시,0,2,0,0
2022,석회석류,베 트 남,93,32,615420,18551
2022,석회석류,브 라 질,,,,
2022,석회석류,스 웨 덴,0,0,0,0
2022,석회석류,스위스,1,2,0,0
2022,석회석류,스 페 인,0,0,11,2
2022,석회석류,싱가포르,0,1,0,0
2022,석회석류,UAE,0,0,0,0
2022,석회석류,영 국,0,0,14,17
2022,석회석류,오 만,0,0,336,200
2022,석회석류,우즈베키스탄,85,10,0,0
2022,석회석류,이 라 크,0,1,0,0
2022,석회석류,이 란,0,0,124,26
2022,석회석류,이 집 트,,,,
2022,석회석류,이탈리아,0,0,1536,475
2022,석회석류,인 도,0,0,0,0
2022,석회석류,인도네시아,67,42,0,0
2022,석회석류,일 본,301731,7067,1503042,37284
2022,석회석류,중 국,5302,633,10055,2381
2022,석회석류,캄보디아,,,,
2022,석회석류,캐 나 다,0,0,0,0
2022,석회석류,태 국,0,0,17,11
2022,석회석류,튀니지,0,0,21,6
2022,석회석류,튀르키예,6,4,0,0
2022,석회석류,파키스탄,0,0,411,57
2022,석회석류,포르투갈,,,,
2022,석회석류,프 랑 스,0,0,315,112
2022,석회석류,필 리 핀,34,5,0,0
2022,석회석류,헝가리,34,12,0,0
2022,석회석류,호 주,0,0,0,0
2022,석회석류,홍콩,0,0,0,0
2021,규석,남아프리카공화국,,,,
2021,규석,네덜란드,0,0,1006,250
2021,규석,뉴질랜드,,,,
2021,규석,대 만,31,19,881,754
2021,규석,덴마크,,,,
2021,규석,독 일,0,0,987,364
2021,규석,러시아연방,0,0,3,6
2021,규석,마다가스카르,,,,
2021,규석,말레이시아,0,0,0,0
2021,규석,몽,,,,
2021,규석,미 국,19942,7874,27,43
2021,규석,베 트 남,92,43,440,70
2021,규석,벨 기 에,0,0,1827,478
2021,규석,브라질,,,,
2021,규석,사우디아라비아,0,0,0,0
2021,규석,스리랑카,0,0,1145,262
2021,규석,스위스,,,,
2021,규석,스페인,,,,
2021,규석,싱가포르,0,0,0,0
2021,규석,영 국,0,0,0,1
2021,규석,우크라이나,0,0,0,0
2021,규석,이집트,,,,
2021,규석,이탈리아,0,0,0,1
2021,규석,인 도,0,0,57865,6755
2021,규석,인도네시아,0,0,1,1
2021,규석,일 본,2109,152,34,63
2021,규석,중 국,3433,2101,81945,25777
2021,규석,체코공화국,,,,
2021,규석,캐 나 다,0,0,0,0
2021,규석,태 국,1560,497,0,0
2021,규석,튀르키예,4,2,5340,1304
2021,규석,파키스탄,0,0,384,39
2021,규석,페루,,,,
2021,규석,프랑스,0,1,0,1
2021,규석,필리핀,,,,
2021,규석,헝가리,,,,
2021,규석,호 주,0,2,0,0
2021,규석,홍 콩,0,0,0,0
2022,규석,남아프리카공화국,0,0,0,0
2022,규석,네덜란드,0,2,684,169
2022,규석,뉴질랜드,0,1,0,0
2022,규석,대 만,39,26,887,757
2022,규석,덴마크,0,0,0,1
2022,규석,독 일,0,0,1519,522
2022,규석,러시아연방,,,,
2022,규석,마다가스카르,0,0,0,0
2022,규석,말레이시아,0,1,0,0
2022,규석,몽골,0,0,0,0
2022,규석,미 국,4598,1850,75,586
2022,규석,베 트 남,241,141,144,28
2022,규석,벨 기 에,0,0,3853,892
2022,규석,브라질,0,0,0,0
2022,규석,사우디아라비아,,,,
2022,규석,스리랑카,0,0,1660,416
2022,규석,스위스,0,1,0,0
2022,규석,스페인,0,0,0,0
2022,규석,싱가포르,13,7,0,0
2022,규석,영 국,0,0,0,2
2022,규석,우크라이나,,,,
2022,규석,이집트,0,0,0,0
2022,규석,이탈리아,1,0,50,7
2022,규석,인 도,0,0,58467,7854
2022,규석,인도네시아,0,1,0,0
2022,규석,일 본,7057,281,25,61
2022,규석,중 국,1997,1391,16986,4416
2022,규석,체코공화국,48,16,0,0
2022,규석,캐 나 다,0,0,0,0
2022,규석,태 국,1555,527,20,14
2022,규석,튀르키예,1,2,9360,2372
2022,규석,파키스탄,0,0,1255,125
2022,규석,페루,0,0,0,0
2022,규석,프랑스,0,3,0,0
2022,규석,필리핀,7678,253,0,0
2022,규석,헝가리,3,1,0,0
2022,규석,호 주,,,,
2022,규석,홍 콩,0,0,0,0
2021,마그네사이트,그리스,0,0,659,591
2021,마그네사이트,네덜란드,0,0,35,40
2021,마그네사이트,대 만,287,189,0,0
2021,마그네사이트,독 일,10,43,138,847
2021,마그네사이트,러시아연방,0,17,14,25
2021,마그네사이트,말레이시아,112,145,0,0
2021,마그네사이트,멕시코,7,26,0,0
2021,마그네사이트,미 국,1,17,669,1225
2021,마그네사이트,베트남,75,128,3,4
2021,마그네사이트,불가리아,0,0,0,4
2021,마그네사이트,브라질,,,,
2021,마그네사이트,사우디아라비아,0,0,262,162
2021,마그네사이트,사이프러스,,,,
2021,마그네사이트,스위스,0,0,0,0
2021,마그네사이트,스페인,0,0,0,9
2021,마그네사이트,싱가포르,1,10,0,0
2021,마그네사이트,UAE,5,13,0,0
2021,마그네사이트,영 국,0,0,61,151
2021,마그네사이트,오스트리아,0,0,0,0
2021,마그네사이트,이스라엘,0,0,456,998
2021,마그네사이트,이집트,,,,
2021,마그네사이트,이탈리아,0,0,7,12
2021,마그네사이트,인 도,27,46,46,147
2021,마그네사이트,인도네시아,177,218,0,0
2021,마그네사이트,일 본,60,44,8403,9922
2021,마그네사이트,중 국,58,158,237674,98537
2021,마그네사이트,체코공화국,0,0,0,0
2021,마그네사이트,쿠웨이트,,,,
2021,마그네사이트,태 국,0,0,0,0
2021,마그네사이트,튀르키예,0,0,80,45
2021,마그네사이트,파키스탄,0,0,0,0
2021,마그네사이트,폴란드,0,0,0,0
2021,마그네사이트,프랑스,0,0,46,104
2021,마그네사이트,필리핀,0,0,0,0
2021,마그네사이트,헝가리,2,3,0,0
2021,마그네사이트,호주,,,,
2021,마그네사이트,홍 콩,2,4,0,0
2022,마그네사이트,그리스,0,0,586,578
2022,마그네사이트,네덜란드,0,0,481,400
2022,마그네사이트,대 만,365,208,0,0
2022,마그네사이트,독 일,0,1,72,571
2022,마그네사이트,러시아연방,11,84,0,0
2022,마그네사이트,말레이시아,10,72,0,0
2022,마그네사이트,멕시코,0,0,0,0
2022,마그네사이트,미 국,17,39,462,1042
2022,마그네사이트,베트남,92,164,0,1
2022,마그네사이트,불가리아,0,0,0,0
2022,마그네사이트,브라질,0,0,0,0
2022,마그네사이트,사우디아라비아,0,0,225,197
2022,마그네사이트,사이프러스,0,0,0,0
2022,마그네사이트,스위스,,,,
2022,마그네사이트,스페인,0,0,1,6
2022,마그네사이트,싱가포르,0,7,0,0
2022,마그네사이트,UAE,22,89,0,0
2022,마그네사이트,영 국,0,0,83,244
2022,마그네사이트,오스트리아,,,,
2022,마그네사이트,이스라엘,0,0,326,786
2022,마그네사이트,이집트,0,0,0,0
2022,마그네사이트,이탈리아,0,0,21,45
2022,마그네사이트,인 도,6,16,9,63
2022,마그네사이트,인도네시아,116,153,0,0
2022,마그네사이트,일 본,0,0,8174,8655
2022,마그네사이트,중 국,34,79,197682,80875
2022,마그네사이트,체코공화국,0,0,0,0
2022,마그네사이트,쿠웨이트,0,0,0,0
2022,마그네사이트,태 국,,,,
2022,마그네사이트,튀르키예,0,0,120,90
2022,마그네사이트,파키스탄,,,,
2022,마그네사이트,폴란드,,,,
2022,마그네사이트,프랑스,0,0,32,148
2022,마그네사이트,필리핀,,,,
2022,마그네사이트,헝가리,0,1,0,0
2022,마그네사이트,호주,0,0,0,0
2022,마그네사이트,홍 콩,1,1,0,0
2021,무연탄,남아프리카공화국,,,,
2021,무연탄,대만,55,44,0,0
2021,무연탄,러시아연방,0,0,2617288,362847
2021,무연탄,말레이시아,34,20,0,0
2021,무연탄,멕시코,5,4,0,0
2021,무연탄,미국,,,,
2021,무연탄,미얀마,214,52,0,0
2021,무연탄,베 트 남,4,14,208280,35267
2021,무연탄,UAE,13,3,0,0
2021,무연탄,영국,,,,
2021,무연탄,인도네시아,10,30,0,0
2021,무연탄,일본,0,0,0,1
2021,무연탄,중 국,0,0,67040,14460
2021,무연탄,체코공화국,,,,
2021,무연탄,캐나다,,,,
2021,무연탄,태 국,2,2,0,0
2021,무연탄,페루,0,0,91680,8077
2021,무연탄,필 리 핀,92,38,0,0
2021,무연탄,호 주,0,0,3490636,468574
2022,무연탄,남아프리카공화국,0,0,0,0
2022,무연탄,대만,,,,
2022,무연탄,러시아연방,0,0,2107356,643188
2022,무연탄,말레이시아,44,35,0,0
2022,무연탄,멕시코,3,4,0,0
2022,무연탄,미국,0,0,0,0
2022,무연탄,미얀마,92,37,0,0
2022,무연탄,베 트 남,11,9,133510,52308
2022,무연탄,UAE,,,,
2022,무연탄,영국,0,0,0,0
2022,무연탄,인도네시아,50,65,0,1
2022,무연탄,일본,,,,
2022,무연탄,중 국,0,0,167591,60433
2022,무연탄,체코공화국,34,27,0,0
2022,무연탄,캐나다,0,0,0,0
2022,무연탄,태 국,,,,
2022,무연탄,페루,0,0,191089,59128
2022,무연탄,필 리 핀,140,74,0,0
2022,무연탄,호 주,0,0,2784568,845991
2021,유연탄,남아프리카공화국,0,0,2872362,358967
2021,유연탄,네덜란드,0,0,0,0
2021,유연탄,뉴질랜드,0,0,330077,45819
2021,유연탄,덴마크,0,0,152289,12394
2021,유연탄,러시아연방,0,0,19336265,2203388
2021,유연탄,말레이시아,,,,
2021,유연탄,모잠비크,0,0,1263719,222633
2021,유연탄,몽골,0,0,0,0
2021,유연탄,미 국,0,0,3035614,304217
2021,유연탄,브라질,,,,
2021,유연탄,사우디아라비아,,,,
2021,유연탄,스위스,,,,
2021,유연탄,싱가포르,0,0,0,0
2021,유연탄,UAE,,,,
2021,유연탄,에스토니아,,,,
2021,유연탄,영국,0,0,0,0
2021,유연탄,인도,0,0,85948,5584
2021,유연탄,인도네시아,0,0,18919109,1514197
2021,유연탄,일본,0,0,0,0
2021,유연탄,중국,0,0,248442,41740
2021,유연탄,카자흐스탄,,,,
2021,유연탄,캐나다,0,0,9991706,1172955
2021,유연탄,콜롬비아,0,0,2793417,285969
2021,유연탄,튀르키예,0,0,0,0
2021,유연탄,페루,,,,
2021,유연탄,필리핀,0,0,380506,26734
2021,유연탄,호주,0,0,57696256,7290879
2022,유연탄,남아프리카공화국,0,0,6055282,1344575
2022,유연탄,네덜란드,0,0,0,0
2022,유연탄,뉴질랜드,0,0,266863,83844
2022,유연탄,덴마크,,,,
2022,유연탄,러시아연방,0,0,24389921,5044346
2022,유연탄,말레이시아,0,0,0,0
2022,유연탄,모잠비크,0,0,1591823,548024
2022,유연탄,몽골,,,,
2022,유연탄,미 국,0,0,4612012,881128
2022,유연탄,브라질,0,0,0,2
2022,유연탄,사우디아라비아,0,0,80000,16740
2022,유연탄,스위스,0,0,79148,20548
2022,유연탄,싱가포르,0,0,61750,16303
2022,유연탄,UAE,0,0,37526,8669
2022,유연탄,에스토니아,0,0,0,0
2022,유연탄,영국,0,0,0,0
2022,유연탄,인도,,,,
2022,유연탄,인도네시아,0,0,24616912,3240179
2022,유연탄,일본,,,,
2022,유연탄,중국,0,0,353901,109612
2022,유연탄,카자흐스탄,0,0,0,0
2022,유연탄,캐나다,0,0,8627632,2623922
2022,유연탄,콜롬비아,0,0,1750612,404802
2022,유연탄,튀르키예,,,,
2022,유연탄,페루,0,0,0,1
2022,유연탄,필리핀,0,0,2028751,283954
2022,유연탄,호주,0,0,43199502,11603948
2021,갈탄,미국,0,0,0,0
2021,갈탄,인도,0,0,1,0
2021,갈탄,인도네시아,,,,
2021,갈탄,중국,,,,
2021,갈탄,캐나다,0,0,0,0
2021,갈탄,호주,0,0,25,26
2022,갈탄,미국,0,0,23,14
2022,갈탄,인도,,,,
2022,갈탄,인도네시아,0,0,0,0
2022,갈탄,중국,0,0,20,5
2022,갈탄,캐나다,0,0,63,45
2022,갈탄,호주,,,,
2021,토탄,그리스,0,0,43,22
2021,토탄,네덜란드,0,0,6561,2073
2021,토탄,네팔,0,0,0,0
2021,토탄,덴마크,0,0,21,11
2021,토탄,독일,0,0,3109,792
2021,토탄,라트비아,0,0,64260,15832
2021,토탄,러시아연방,0,0,26674,2430
2021,토탄,리투아니아,0,0,4454,1292
2021,토탄,말레이시아,,,,
2021,토탄,몽골,,,,
2021,토탄,미국,0,0,43,43
2021,토탄,미얀마,18,9,0,0
2021,토탄,베트남,1,0,0,0
2021,토탄,벨기에,0,0,1033,378
2021,토탄,벨라루스,,,,
2021,토탄,스리랑카,0,0,0,0
2021,토탄,스웨덴,,,,
2021,토탄,싱가포르,,,,
2021,토탄,UAE,0,0,0,0
2021,토탄,아일랜드,,,,
2021,토탄,에스토니아,0,0,8095,1889
2021,토탄,우크라이나,0,0,25,5
2021,토탄,이탈리아,0,0,25,16
2021,토탄,인도,19,2,0,0
2021,토탄,인도네시아,,,,
2021,토탄,일본,20,73,0,0
2021,토탄,중국,0,0,100,21
2021,토탄,캐나다,0,0,3364,1421
2021,토탄,폴란드,0,0,747,253
2021,토탄,프랑스,,,,
2021,토탄,핀란드,0,0,0,0
2021,토탄,호주,0,0,26500,2279
2022,토탄,그리스,0,0,24,10
2022,토탄,네덜란드,0,0,4842,1630
2022,토탄,네팔,,,0,0
2022,토탄,덴마크,0,0,19,7
2022,토탄,독일,0,0,663,187
2022,토탄,라트비아,0,0,56607,13998
2022,토탄,러시아연방,0,0,27100,2543
2022,토탄,리투아니아,0,0,6136,1962
2022,토탄,말레이시아,0,0,0,0
2022,토탄,몽골,5,8,0,0
2022,토탄,미국,0,0,34,46
2022,토탄,미얀마,,,,
2022,토탄,베트남,1,0,0,0
2022,토탄,벨기에,0,0,1643,556
2022,토탄,벨라루스,0,0,20,2
2022,토탄,스리랑카,,,,
2022,토탄,스웨덴,0,0,130,114
2022,토탄,싱가포르,2,0,0,0
2022,토탄,UAE,,,,
2022,토탄,아일랜드,0,0,0,0
2022,토탄,에스토니아,0,0,6745,1679
2022,토탄,우크라이나,,,,
2022,토탄,이탈리아,0,0,18,10
2022,토탄,인도,,,,
2022,토탄,인도네시아,7,6,0,0
2022,토탄,일본,7,26,2,36
2022,토탄,중국,0,0,1000,281
2022,토탄,캐나다,0,0,2891,1671
2022,토탄,폴란드,0,0,2310,592
2022,토탄,프랑스,0,0,0,0
2022,토탄,핀란드,0,0,0,0
2022,토탄,호주,,,,
